{
  "contract": "0x9ea80e204045329ba752d03c395f82a12799f13d",
  "balance_source": "token",
  "contract_eth_balance": 21.66137254,
  "total_eth_in_balances": 21.66137255,
  "addresses_with_balance": 28,
  "coverage_pct": 100.0,
  "scan_date": "2026-06-10 00:00:00 UTC",
  "description": "Failed 2017 LNC ICO (minimum cap not reached). refund() returns each contributor their own balancesEther[] deposit. master's only ETH-out, finalize(), reverts for this failed raise (proven on a fork) -- cannot drain. 28 contributors never claimed.",
  "balances": {
    "0x61e120b9ca6559961982d9bd1b1dbea7485b84d1": 7.0,
    "0x7f7c64c7b7f5a611e739b4da26659bf741414917": 2.695,
    "0x32be343b94f860124dc4fee278fdcbd38c102d88": 2.085,
    "0x33d94224754c122baa1ebaf455d16a9c82f69c98": 1.3,
    "0xbf022480bda3f6c839cd443397761d5e83f3c02b": 1.16,
    "0x5baeac0a0417a05733884852aa068b706967e790": 1.08494911,
    "0x267be1c1d684f78cb4f6a176c4911b741e4ffdc0": 1.0,
    "0xd70837a61a322f69ba3742111216a7b97d61d3a7": 1.0,
    "0x08bea4ccc9c45e506d5bc5e638acaa13fa3e801c": 0.94,
    "0xfeb063bd508b82043d6b4d5c51e1e42b44f39b33": 0.5,
    "0x266dccd07a275a6e72b6bc549f7c2ce9e082f13f": 0.29,
    "0x0764d446d0701a9b52382f8984b9d270d266e02c": 0.28025614,
    "0x3afd1483693fe606c0e58f580bd08ae9aba092fd": 0.28,
    "0x41bacae05437a3fe126933e57002ae3f129aa079": 0.25,
    "0x0d4266de516944a49c8109a4397d1fcf06fb7ed0": 0.2344273,
    "0xe922c94161d45bdd31433b3c7b912ad214d399ce": 0.2,
    "0x6c1ddafafd55a53f80cb7f4c8c8f9a9f13f61d70": 0.2,
    "0x30382b132f30c175bee2858353f3a2dd0d074c3a": 0.2,
    "0x404b688a1d9eb850be2527c5dd341561cfa84e11": 0.2,
    "0x330c63a5b737b5542be108a74b3fef6272619585": 0.18,
    "0x7398a2edb928a2e179f62bfb795f292254f6850e": 0.15,
    "0x7ed1e469fcb3ee19c0366d829e291451be638e59": 0.10174,
    "0x03c6c82a1d6d13b2f92ed63a10b1b791ffaa1e02": 0.1,
    "0xe59e4aac45862796cb52434967cf72ea46474ff3": 0.1,
    "0x7a5159617df20008b4dbe06d645a1b0305406794": 0.08,
    "0x555cbe849bf5e01db195a81ecec1e65329fff643": 0.03,
    "0x4d8a7cb44d317113c82f25a0174a637a8f012ebb": 0.01,
    "0xcb12b8a675e652296a8134e70f128521e633b327": 0.01
  }
}