{
  "contract": "0x9aca6abfe63a5ae0dc6258cefb65207ec990aa4d",
  "balance_source": "token",
  "contract_eth_balance": 100.58346935,
  "total_eth_in_balances": 87.24226713,
  "addresses_with_balance": 75,
  "coverage_pct": 86.74,
  "scan_date": "2026-06-10 00:00:00 UTC",
  "description": "Failed Aug-2017 DGT ICO (raised ~1,920 ETH vs an 8,000 ETH minimum). finalise() latched icoFailed=true, opening refundEther(), which returns each contributor their own ethBalanceOf deposit. Self-paying, not front-runnable; owner cannot drain (withdrawFundsToOwner needs icoFulfilled, false forever). 75 self-claimable contributors are unclaimed (contracts and exchange-deposit addresses excluded).",
  "balances": {
    "0xc4a03dba02a43490fb94ca3c019d5bb0fe006711": 10.0,
    "0x7b4eaf72539e2f54dd160d54185fe1d0533734f3": 5.0,
    "0xf506540f35bac10fe0078909f0c0eeb403406364": 5.0,
    "0xf3153f952260b1a8ab9e6e537203b2b691575b2e": 5.0,
    "0xcf2819e383723f823f072dacca109436ae3ce7e0": 3.08,
    "0xcab96a30333a46b766a348e939335b03df59afb5": 3.0,
    "0x754485ed993165c804a32df01b35019d22580acd": 3.0,
    "0x915e9effab855cf9b5940f0a83a252b0b85d13be": 3.0,
    "0x6616c5c49b31cdad9e79db383341c59143b738e8": 3.0,
    "0x67fb29be6404a1e467168aa1e524fb798fd41fa2": 3.0,
    "0x173e96f898fe63e08326bda7a3948646ebb366df": 3.0,
    "0x0cfe248ddd32add7b3efbc1b540185b99aa2140a": 2.38852322,
    "0x6c023c08d7d47d06a9cb6aa84d76b1a3c2e7948b": 2.0,
    "0xb43944494daee5c08a84ad768b0942b4773ebb31": 2.0,
    "0x4f605ad0b71ed4b19f2c369b11d49ac72881cb93": 2.0,
    "0xd6a3a11548f82cdafd8bff454023ad65298821ca": 2.0,
    "0x1521aea7fc112fd79ccbb8ff590ef0044798b060": 2.0,
    "0xc1f4efd3efe48ddc18834d06f8a0e1697dc1cdf2": 2.0,
    "0x27014067f656db071740f3205f56b0a13a39aa99": 2.0,
    "0x46e56e4c807257caa443895aa43113beb96f7c80": 1.5,
    "0xe3133ecabe6ae18f7ffd384e35aa3394282086b1": 1.5,
    "0x72727667ea73e5b0a1612d7d685b205c78ae4748": 1.2,
    "0x5c2e90c6a7abf1adc50efe38c518d394bbdf3c42": 1.0,
    "0xdf48f1586f07dc4f6d02192cad51e8d56401864e": 1.0,
    "0xa402d0d37555670d60e4e51bd242e7cc3ef1b07f": 1.0,
    "0x47b7420abe764b96e039380635b96eb97c60d0e1": 1.0,
    "0x7e643653c95586cced5a53bcb46f62f0b6a29d6c": 1.0,
    "0x14128502fd9848090812dbef5857e8d6034158ce": 1.0,
    "0x212f2e6caac9553307ccd871f0d09ac7318bce84": 1.0,
    "0x03b9457f4b3e38d63e2e3ca2643c67db42736c2a": 1.0,
    "0x3074b30349574ff342b7dac4de924ef1408733c9": 1.0,
    "0x5cb501bb7badba627d05366700b7f7bf2bca982a": 0.97,
    "0xa96e7f906c33ae139c89b81352de57226c3cf8c5": 0.918031,
    "0x62121c02fcf1449b1a06419b534571e0f94bea31": 0.75,
    "0xb7e17d6397a1279366908f32c0e963c9eac191f1": 0.7,
    "0xe94336e44faad2ac683bc889e35d8de48080295c": 0.6,
    "0x4f01424d91728377532292e2079dba97bba490d5": 0.5,
    "0x6046d7759ebcc6abc7623fa2394c7668b549b501": 0.5,
    "0xe9415f47799275cbbf920a5db4d585bc832a0c78": 0.5,
    "0x243b456e2302b2835220d53b47dcf248f54f97a1": 0.5,
    "0x45708caffcf9cf3c2f864b8f3af4775b4f041eda": 0.4834557,
    "0xd9f54bdfdc73e743299036db59c40c7e04538c3c": 0.4,
    "0x611ce71cb0535db63fea8d7aea648352b42bc832": 0.4,
    "0x6165398be703bfdb015f2e94cec864875b2997ea": 0.36,
    "0x61676a8f3c78d8dfaa42096935ffd6685f6b9dfc": 0.34,
    "0x3d78643ecfc36aee85074d5781245a183bd791b5": 0.3,
    "0xecffa1e18ef74ce967e6493b8b7d5ce6bcfb46fa": 0.278559,
    "0x48ae7ea7038973e4dd8316cb37ffd01a8b3b9828": 0.2715,
    "0x2f55e36764003aac8c03806503e8f9a9063a6699": 0.25,
    "0xf89e92d073db46b5beb9be5463378cde924a567d": 0.22132848,
    "0x81a60c1ac4a1f75ec5cb727a768f67b5641b095b": 0.21092766,
    "0xb74ac951bac064d4755b62743c55cb10733402db": 0.20848426,
    "0x1812cba5cc0f7a4723ad5c7df044102049868ea0": 0.2,
    "0x6b0edc2d00c2dfe9b95bddf25888058b6417614c": 0.2,
    "0xbdf7363dc5face995a152a2f7355ac4182dd836d": 0.2,
    "0x272cd7502e1d902bf1aa129983bf49425cb09e20": 0.19429922,
    "0xcc8298078000d44e1bd98740e1528474a8a00b19": 0.15367097,
    "0xd4fae84d8619afb31adc2c77dc031f8f41b48af4": 0.15,
    "0x80009cd3ac6446bfb1a7eeb876a2dbb5283c92a4": 0.107,
    "0x2be8a55bef89a7685d94e27a64402526df5e89e0": 0.1,
    "0x73da5c235a4fb1a74cbc0148272db53828c0cda3": 0.1,
    "0xfc62cdc5afd5512102e6b2c572549c5759734d1c": 0.09522322,
    "0x44d2fd6d3908dadef2f90dc6e9cd878753df2b8d": 0.09,
    "0xdea8605f24b3f5840ab4932c79e63723daa53009": 0.08824195,
    "0x9fef4d2d76b36cc72310dbe08c200205da9c61b3": 0.048,
    "0x70b58d9266460ef5d8f90654de25e09227249abf": 0.044,
    "0x36b0fd7efe0b121feae1f97938deeff468b792b4": 0.03353802,
    "0xfba2ce6ea29efc03614a20f7ab8cbeb01c62faad": 0.03,
    "0x5c792fa12df665146f4fb6d4b61fcc82eb8757e7": 0.01648443,
    "0x84f76b82f12c7c8bcaf40158bd33aefd173e9782": 0.015,
    "0xc183f8134fb0d93cc48cf32001007231386b36fb": 0.011,
    "0xe0ddd355c17200ed3f4835c07dffbe36822cd0a6": 0.01,
    "0x5fb28453b5ea250ada0b42cc2cda1fa298e5f797": 0.01,
    "0x52a4d65de46fa9126f108d21da6a54e649d990b7": 0.01,
    "0xe1ae08fd0e212be0d7da0e748fce6b313c8f2e7a": 0.005
  }
}