{
  "contract": "0x12d5b7c26dd8dc6e2f71f5bf240d5e76452b2fe5",
  "balance_source": "token",
  "contract_eth_balance": 81.88591779,
  "total_eth_in_balances": 81.88591778,
  "addresses_with_balance": 32,
  "coverage_pct": 100.0,
  "scan_date": "2026-06-10 00:00:00 UTC",
  "description": "Failed 2017 DRCT presale (soft cap never reached). refund() returns each contributor their own deposited[] balance while softCapReached==false. Owner cannot drain (withdraw needs softCap); owner can halt() refunds (reversible pause, not a drain) -- refunds confirmed open on a fork. 32 self-claimable contributors are unclaimed (contracts and exchange-deposit addresses excluded).",
  "balances": {
    "0x05e4a5f1a824abeb0bd2617ce2b27f8555045f88": 31.99906508,
    "0x3c144e78abdc8aae5a69f0064db066de4b48f00c": 4.78094595,
    "0xf9f2a9b4fac653dc6725e2d4078fb882470a81d2": 4.10003,
    "0x73025372d26e2105bebabbf9b081e2d326d0e686": 3.35885,
    "0x44e606e613782cb48e3d320d8b90f50fb00ca4eb": 3.27793,
    "0x7da1c8e475fb63fb2cf230a286cf3fe54b063ba2": 2.99638085,
    "0x427f76ae1cf07340451bc01ef41bbfd836b1ce12": 2.6,
    "0xfa56a99353895b122d445da8421607ac96aa08be": 2.56699445,
    "0xfbb561629fd61d90bdb90473802b30b2e881c316": 2.39885,
    "0x0db193d4818ac65f1014b5b22a66859a87381ce3": 2.24,
    "0x53d38d87d4808467de5ba7545fd03eb425e048e6": 2.22328135,
    "0x571b3a189cc1cd9e401ac6cc091b8a4b7fb6b736": 2.19772,
    "0x3f23f84e061a691b4abb1a8305b823363d7cd323": 2.06725014,
    "0xe01b167ea9c84d5638c3545a7723f1403710cfdb": 2.0249999,
    "0x43119dcc1d5272efdef95befbb789901a21f85b3": 2.0,
    "0x0263613b9a25a64a3a89d5f061671ac64a099ef2": 1.99931,
    "0xd2cad99fe7276da49a4e3ee0762eb1e2b22e5719": 1.998,
    "0x10debc2d7bd1b10d4e3dacaabb22d500172f4bf7": 1.45,
    "0x9adca7f35f9f54ff6a8adc435e51a9d3d6c4546d": 1.0069,
    "0x132df6b432879f6a37f93143cb0e969e6df99da0": 0.9,
    "0xaf56d0720f9534ac5c6a1d1dc409882283ba400e": 0.61,
    "0xe41ac8a65afe97b1c68bb3cd2fd206b819532700": 0.49864,
    "0x0a767cdf5a19eee6a04807cdc6fce1ca1675cb29": 0.45537009,
    "0x3aeb61395f2013378c8255853de1f0f507faeabf": 0.40807712,
    "0xe6680e28e801e4bf207d4b2d326d7488a06d3061": 0.40296038,
    "0x14cf5a66906a589176a6cd485b770ee137e6625d": 0.27542751,
    "0x89e714546ddebef2fd564e03ced182807bc657a8": 0.2313426,
    "0x98dc3eb90dcba586ff46abe94532fc2cf55dd10f": 0.22654033,
    "0x58b5a39a3839c04ffc8b5e23e6880564cf31e28c": 0.19709334,
    "0x76555da32dd911eafc24a39638885ae92fbab921": 0.1796705,
    "0xd8429b3151dc271347be50b5c7ef8246da09b6be": 0.10828819,
    "0x8b8a11d2f3ebe09a00e746c1b8809397632cbfc1": 0.106
  }
}