{
  "contract": "0x3a8a97123bccd826228e5eb4144b48cce169517b",
  "balance_source": "token",
  "contract_eth_balance": 31.49741615,
  "total_eth_in_balances": 31.49541615,
  "addresses_with_balance": 56,
  "coverage_pct": 99.99,
  "scan_date": "2026-06-10 00:00:00 UTC",
  "description": "Quantum1Net QCO sale ended in the Aborted state (terminal). requestRefund() returns each contributor their own ethPossibleRefunds[] deposit. Owner drain path needs the Operational state, unreachable from Aborted. 57 contributors never claimed.",
  "balances": {
    "0x0f929995c0c8a00e212df802f57b5f63d7640fe7": 11.4,
    "0xa2cc3fd7bc2980e0b6362222b75baaec3ba7b973": 2.65375907,
    "0x4f1622147432d6280eeb72e2a597bd909efe9b56": 1.8,
    "0x0e3837631a57b93b31f3d9c371d49c0272355bbb": 1.0,
    "0x2007035a0ac890636cc223efe34b4647bb73d8c8": 1.0,
    "0xddd39081d41213020121ca6e8a1b55e5c2722da6": 1.0,
    "0x702554c2eedce00e2fa3ad77b792e31f4b206d79": 1.0,
    "0x5fc36a6378e042067fbb0438006885622e40a9de": 1.0,
    "0xca1d46966a4a89d64602b19e585b34407ab98920": 1.0,
    "0x011d6ec42109b4718c99180645d468f67f3d841c": 0.55,
    "0x38a54b444ae72dd0d0e4df553e87905502bad828": 0.52,
    "0x0e1c23673c21684a88ce0cf2aa2bd5629426776a": 0.5,
    "0x8c8622ff1fa96b6b174b0eb77aba7c455eefc15a": 0.5,
    "0xe2d7466c97aac8a96c60ea292b5b99fff100a323": 0.5,
    "0xc628152dbcb9d6807a598e9ab4fe9133b03ac1c2": 0.5,
    "0x53866af3d5688ed9bf27b08608404502ed748e71": 0.4,
    "0xa5ffaf70937ad0b9d85ec491c48fc83302fa85c8": 0.4,
    "0x50101c76045b6ee9aa40c11c2b917a475a721935": 0.39966018,
    "0xfa10d9c5b0961597b8caf449cb78690b2b36e03b": 0.358,
    "0x8fca937b1b6990398e5e04578734a6d2a9f609cb": 0.31,
    "0x32bf507e868be6ee718794a066ba2c7333b2836a": 0.30306556,
    "0x8cb988b3b5444b5fb0ee19113c465aad9360704c": 0.295,
    "0x98d8d51f7e2e5462b80096ed32958448d9be500b": 0.24,
    "0x16e05c253c9bb9efc1748fd3edc181a7e07209a6": 0.24,
    "0x0354ded5058c5ab4aa42f8260c2cc08904e7ee09": 0.216,
    "0xd35405bfea25afaf7b7e3f4a3c929546ef26ee78": 0.202,
    "0x3ae6792adbe6c03d028e2060564698384252e770": 0.20137531,
    "0xb7a883569c1d1aafffdbdab06fe9616ce738a227": 0.2,
    "0xc69dfbc00e53ef13ef712df518ab91f75b905514": 0.2,
    "0xbba2cb74962001dcb46d794265ae35eac92c5756": 0.2,
    "0x0652deba59f1685a25d3714e60eaaec7c8ba80ec": 0.2,
    "0x5e313cdcc988570242144cc228f061bebce5a07a": 0.2,
    "0x710a5f86f59c4215db3f6a9c8f0213bc5389d939": 0.2,
    "0x02ac4f727fca7ba22c896b858e109f6323bcb3e9": 0.19679085,
    "0x1f38696c7387f572088fc56b2245139d0c2c6eb8": 0.16,
    "0x213f478b5c2d71f33257464457c67059e6021ed2": 0.15,
    "0x3567ed0d8f3d9ee2683f6be579c156632945723b": 0.15,
    "0x0425fc77abd3199de49e141eb109f2243c0930f7": 0.15,
    "0x4c96b91f3f27137394d5b316e5b0c15dfe6d7da4": 0.111,
    "0x03089363df31bdaa50313a235a3e8af98b403b0e": 0.1,
    "0x276ee2ea6974183d02861bea0497862cf7262fd0": 0.1,
    "0x72c54d2d19848e368893c75186fd8a434bf15eae": 0.1,
    "0x363d9940ae06b1a4ed2f2028b8e2af647a8b0ecd": 0.1,
    "0x7895f82357428f38b5738789feea9cf74560eb9b": 0.08,
    "0x9cd98e067e126b3909c21c419fe61f7b42f14bdc": 0.07,
    "0x962656db085b3750c9d769622217df8e5d56044a": 0.07,
    "0x07ba7365f83ca3565780267a2e2c090f6a8525c0": 0.05,
    "0xa73af3c91a2ed1570a35f9a3edd5ae4fe71e1db9": 0.05,
    "0xcd79e561d8e535a99c2ec39b2cf816c4328a6bac": 0.04,
    "0x47b01ddd6ab3bf7b85bbe6d4b8bdf10d9e23580c": 0.03476518,
    "0x3b484bd4acf58f0fc97ce911713ffb2aeedcb1d9": 0.02,
    "0x66982c1abeb45461cb2aeff853f954dbb0d59b57": 0.02,
    "0xcc93e4678c2d729aafc019d4cb5b33132db3a7d3": 0.02,
    "0xf91e312983f4faa64db741bc356a2ced9feef60d": 0.018,
    "0x35677c65e136c6f389b2792b21efb38c2144cd3a": 0.01,
    "0xb55978845b220a3f98695847be992f27d3606bfd": 0.006
  }
}